ISO,emoji_code,Country/Region
AD,&#127462;&#127465;,Andorra
AE,&#127462;&#127466;,United Arab Emirates
AF,&#127462;&#127467;,Afghanistan
AG,&#127462;&#127468;,Antigua and Barbuda
AI,&#127462;&#127470;,Anguilla
AL,&#127462;&#127473;,Albania
AM,&#127462;&#127474;,Armenia
AO,&#127462;&#127476;,Angola
AQ,&#127462;&#127478;,Antarctica
AR,&#127462;&#127479;,Argentina
AS,&#127462;&#127480;,American Samoa
AT,&#127462;&#127481;,Austria
AU,&#127462;&#127482;,Australia
AW,&#127462;&#127484;,Aruba
AX,&#127462;&#127485;,Åland Islands
AZ,&#127462;&#127487;,Azerbaijan
BA,&#127463;&#127462;,Bosnia and Herzegovina
BB,&#127463;&#127463;,Barbados
BD,&#127463;&#127465;,Bangladesh
BE,&#127463;&#127466;,Belgium
BF,&#127463;&#127467;,Burkina Faso
BG,&#127463;&#127468;,Bulgaria
BH,&#127463;&#127469;,Bahrain
BI,&#127463;&#127470;,Burundi
BJ,&#127463;&#127471;,Benin
BL,&#127463;&#127473;,Saint Barthélemy
BM,&#127463;&#127474;,Bermuda
BN,&#127463;&#127475;,Brunei
BO,&#127463;&#127476;,Bolivia
BQ,&#127463;&#127478;,"Bonaire, Sint Eustatius and Saba"
BR,&#127463;&#127479;,Brazil
BS,&#127463;&#127480;,Bahamas
BT,&#127463;&#127481;,Bhutan
BV,&#127463;&#127483;,Bouvet Island
BW,&#127463;&#127484;,Botswana
BY,&#127463;&#127486;,Belarus
BZ,&#127463;&#127487;,Belize
CA,&#127464;&#127462;,Canada
CC,&#127464;&#127464;,Cocos (Keeling) Islands
CD,&#127464;&#127465;,Congo (Kinshasa)
CF,&#127464;&#127467;,Central African Republic
CG,&#127464;&#127468;,Congo (Brazzaville)
CH,&#127464;&#127469;,Switzerland
CI,&#127464;&#127470;,Cote d'Ivoire
CK,&#127464;&#127472;,Cook Islands
CL,&#127464;&#127473;,Chile
CM,&#127464;&#127474;,Cameroon
CN,&#127464;&#127475;,China
CO,&#127464;&#127476;,Colombia
CR,&#127464;&#127479;,Costa Rica
CU,&#127464;&#127482;,Cuba
CV,&#127464;&#127483;,Cabo Verde
CW,&#127464;&#127484;,Curaçao
CX,&#127464;&#127485;,Christmas Island
CY,&#127464;&#127486;,Cyprus
CZ,&#127464;&#127487;,Czechia
DE,&#127465;&#127466;,Germany
DJ,&#127465;&#127471;,Djibouti
DK,&#127465;&#127472;,Denmark
DM,&#127465;&#127474;,Dominica
DO,&#127465;&#127476;,Dominican Republic
DZ,&#127465;&#127487;,Algeria
EC,&#127466;&#127464;,Ecuador
EE,&#127466;&#127466;,Estonia
EG,&#127466;&#127468;,Egypt
EH,&#127466;&#127469;,Western Sahara
ER,&#127466;&#127479;,Eritrea
ES,&#127466;&#127480;,Spain
ET,&#127466;&#127481;,Ethiopia
FI,&#127467;&#127470;,Finland
FJ,&#127467;&#127471;,Fiji
FK,&#127467;&#127472;,Falkland Islands (Malvinas)
FM,&#127467;&#127474;,Micronesia
FO,&#127467;&#127476;,Faroe Islands
FR,&#127467;&#127479;,France
GA,&#127468;&#127462;,Gabon
GB,&#127468;&#127463;,United Kingdom
GD,&#127468;&#127465;,Grenada
GE,&#127468;&#127466;,Georgia
GF,&#127468;&#127467;,French Guiana
GG,&#127468;&#127468;,Guernsey
GH,&#127468;&#127469;,Ghana
GI,&#127468;&#127470;,Gibraltar
GL,&#127468;&#127473;,Greenland
GM,&#127468;&#127474;,Gambia
GN,&#127468;&#127475;,Guinea
GP,&#127468;&#127477;,Guadeloupe
GQ,&#127468;&#127478;,Equatorial Guinea
GR,&#127468;&#127479;,Greece
GS,&#127468;&#127480;,South Georgia
GT,&#127468;&#127481;,Guatemala
GU,&#127468;&#127482;,Guam
GW,&#127468;&#127484;,Guinea-Bissau
GY,&#127468;&#127486;,Guyana
HK,&#127469;&#127472;,Hong Kong
HM,&#127469;&#127474;,Heard Island and Mcdonald Islands
HN,&#127469;&#127475;,Honduras
HR,&#127469;&#127479;,Croatia
HT,&#127469;&#127481;,Haiti
HU,&#127469;&#127482;,Hungary
ID,&#127470;&#127465;,Indonesia
IE,&#127470;&#127466;,Ireland
IL,&#127470;&#127473;,Israel
IM,&#127470;&#127474;,Isle of Man
IN,&#127470;&#127475;,India
IO,&#127470;&#127476;,British Indian Ocean Territory
IQ,&#127470;&#127478;,Iraq
IR,&#127470;&#127479;,Iran
IS,&#127470;&#127480;,Iceland
IT,&#127470;&#127481;,Italy
JE,&#127471;&#127466;,Jersey
JM,&#127471;&#127474;,Jamaica
JO,&#127471;&#127476;,Jordan
JP,&#127471;&#127477;,Japan
KE,&#127472;&#127466;,Kenya
KG,&#127472;&#127468;,Kyrgyzstan
KH,&#127472;&#127469;,Cambodia
KI,&#127472;&#127470;,Kiribati
KM,&#127472;&#127474;,Comoros
KN,&#127472;&#127475;,Saint Kitts and Nevis
KP,&#127472;&#127477;,North Korea
KR,&#127472;&#127479;,South Korea
KW,&#127472;&#127484;,Kuwait
KY,&#127472;&#127486;,Cayman Islands
KZ,&#127472;&#127487;,Kazakhstan
LA,&#127473;&#127462;,Laos
LB,&#127473;&#127463;,Lebanon
LC,&#127473;&#127464;,Saint Lucia
LI,&#127473;&#127470;,Liechtenstein
LK,&#127473;&#127472;,Sri Lanka
LR,&#127473;&#127479;,Liberia
LS,&#127473;&#127480;,Lesotho
LT,&#127473;&#127481;,Lithuania
LU,&#127473;&#127482;,Luxembourg
LV,&#127473;&#127483;,Latvia
LY,&#127473;&#127486;,Libya
MA,&#127474;&#127462;,Morocco
MC,&#127474;&#127464;,Monaco
MD,&#127474;&#127465;,Moldova
ME,&#127474;&#127466;,Montenegro
MF,&#127474;&#127467;,Saint Martin (French Part)
MG,&#127474;&#127468;,Madagascar
MH,&#127474;&#127469;,Marshall Islands
MK,&#127474;&#127472;,North Macedonia
ML,&#127474;&#127473;,Mali
MM,&#127474;&#127474;,Burma
MN,&#127474;&#127475;,Mongolia
MO,&#127474;&#127476;,Macao
MP,&#127474;&#127477;,Northern Mariana Islands
MQ,&#127474;&#127478;,Martinique
MR,&#127474;&#127479;,Mauritania
MS,&#127474;&#127480;,Montserrat
MT,&#127474;&#127481;,Malta
MU,&#127474;&#127482;,Mauritius
MV,&#127474;&#127483;,Maldives
MW,&#127474;&#127484;,Malawi
MX,&#127474;&#127485;,Mexico
MY,&#127474;&#127486;,Malaysia
MZ,&#127474;&#127487;,Mozambique
,&#127475;&#127462;,Namibia
NC,&#127475;&#127464;,New Caledonia
NE,&#127475;&#127466;,Niger
NF,&#127475;&#127467;,Norfolk Island
NG,&#127475;&#127468;,Nigeria
NI,&#127475;&#127470;,Nicaragua
NL,&#127475;&#127473;,Netherlands
NO,&#127475;&#127476;,Norway
NP,&#127475;&#127477;,Nepal
NR,&#127475;&#127479;,Nauru
NU,&#127475;&#127482;,Niue
NZ,&#127475;&#127487;,New Zealand
OM,&#127476;&#127474;,Oman
PA,&#127477;&#127462;,Panama
PE,&#127477;&#127466;,Peru
PF,&#127477;&#127467;,French Polynesia
PG,&#127477;&#127468;,Papua New Guinea
PH,&#127477;&#127469;,Philippines
PK,&#127477;&#127472;,Pakistan
PL,&#127477;&#127473;,Poland
PM,&#127477;&#127474;,Saint Pierre and Miquelon
PN,&#127477;&#127475;,Pitcairn
PR,&#127477;&#127479;,Puerto Rico
PS,&#127477;&#127480;,West Bank and Gaza
PT,&#127477;&#127481;,Portugal
PW,&#127477;&#127484;,Palau
PY,&#127477;&#127486;,Paraguay
QA,&#127478;&#127462;,Qatar
RE,&#127479;&#127466;,Réunion
RO,&#127479;&#127476;,Romania
RS,&#127479;&#127480;,Serbia
RU,&#127479;&#127482;,Russia
RW,&#127479;&#127484;,Rwanda
SA,&#127480;&#127462;,Saudi Arabia
SB,&#127480;&#127463;,Solomon Islands
SC,&#127480;&#127464;,Seychelles
SD,&#127480;&#127465;,Sudan
SE,&#127480;&#127466;,Sweden
SG,&#127480;&#127468;,Singapore
SH,&#127480;&#127469;,"Saint Helena, Ascension and Tristan Da Cunha"
SI,&#127480;&#127470;,Slovenia
SJ,&#127480;&#127471;,Svalbard and Jan Mayen
SK,&#127480;&#127472;,Slovakia
SL,&#127480;&#127473;,Sierra Leone
SM,&#127480;&#127474;,San Marino
SN,&#127480;&#127475;,Senegal
SO,&#127480;&#127476;,Somalia
SR,&#127480;&#127479;,Suriname
SS,&#127480;&#127480;,South Sudan
ST,&#127480;&#127481;,Sao Tome and Principe
SV,&#127480;&#127483;,El Salvador
SX,&#127480;&#127485;,Sint Maarten (Dutch Part)
SY,&#127480;&#127486;,Syria
SZ,&#127480;&#127487;,Swaziland
TC,&#127481;&#127464;,Turks and Caicos Islands
TD,&#127481;&#127465;,Chad
TF,&#127481;&#127467;,French Southern Territories
TG,&#127481;&#127468;,Togo
TH,&#127481;&#127469;,Thailand
TJ,&#127481;&#127471;,Tajikistan
TK,&#127481;&#127472;,Tokelau
TL,&#127481;&#127473;,Timor-Leste
TM,&#127481;&#127474;,Turkmenistan
TN,&#127481;&#127475;,Tunisia
TO,&#127481;&#127476;,Tonga
TR,&#127481;&#127479;,Turkey
TT,&#127481;&#127481;,Trinidad and Tobago
TV,&#127481;&#127483;,Tuvalu
TW,&#127481;&#127484;,Taiwan*
TZ,&#127481;&#127487;,Tanzania
UA,&#127482;&#127462;,Ukraine
UG,&#127482;&#127468;,Uganda
UM,&#127482;&#127474;,United States Minor Outlying Islands
US,&#127482;&#127480;,US
UY,&#127482;&#127486;,Uruguay
UZ,&#127482;&#127487;,Uzbekistan
VA,&#127483;&#127462;,Vatican City
VC,&#127483;&#127464;,Saint Vincent and the Grenadines
VE,&#127483;&#127466;,Venezuela
VG,&#127483;&#127468;,"Virgin Islands, British"
VI,&#127483;&#127470;,"Virgin Islands, U.S."
VN,&#127483;&#127475;,Vietnam
VU,&#127483;&#127482;,Vanuatu
WF,&#127484;&#127467;,Wallis and Futuna
WS,&#127484;&#127480;,Samoa
YE,&#127486;&#127466;,Yemen
YT,&#127486;&#127481;,Mayotte
ZA,&#127487;&#127462;,South Africa
ZM,&#127487;&#127474;,Zambia
ZW,&#127487;&#127484;,Zimbabwe
